Team,# Counties
4593,54
6359,51
3298,36
4386,34
4694,33
590,29
3366,29
568,27
3216,26
3172,23
7693,23
5002,23
877,21
7578,21
3844,20
6157,19
935,18
7309,17
4306,17
7255,16
7785,16
6805,16
5968,16
2856,16
3457,16
1332,15
4944,15
4085,15
7454,14
5492,14
6858,14
7516,14
2190,13
7540,13
5132,13
4809,13
3374,13
7515,13
3492,13
3037,13
538,12
4356,12
662,12
2945,12
2996,12
4068,12
6919,12
7499,12
5188,12
6419,12
3300,12
7573,12
5848,11
2556,11
6068,11
4153,11
6139,11
4941,11
7676,11
6889,11
525,11
7411,11
6809,11
5186,11
7525,11
3843,11
2457,11
1303,11
4265,11
4295,11
3939,11
3139,10
6145,10
6910,10
4701,10
7104,10
6715,10
4104,10
3616,10
4336,10
7836,10
5667,10
3954,10
2614,10
1817,10
4717,10
4734,10
5866,10
7708,10
6844,10
6802,10
7111,9
7446,9
4187,9
7657,9
6542,9
7484,9
7562,9
6817,9
7802,9
6639,9
4467,9
4991,9
2539,9
6846,9
7072,8
34,8
3959,8
16,8
323,8
5730,8
7908,8
4643,8
2083,8
3556,8
3329,8
5840,8
2594,8
6358,8
4061,8
5920,8
4156,8
4314,8
2783,8
1806,8
4182,8
7662,8
5783,8
3777,8
1014,8
2352,8
4462,8
3834,8
4364,8
4286,8
2988,8
7915,8
93,8
7899,7
5437,7
1799,7
3635,7
4924,7
5005,7
6937,7
6932,7
1569,7
7141,7
7496,7
7417,7
4232,7
5060,7
3814,7
3947,7
3821,7
4703,7
1551,7
6517,7
7670,7
4027,7
4576,7
547,7
624,7
4639,7
5427,7
6935,7
2966,7
3029,7
4332,7
5894,7
5960,7
6180,7
6664,7
6733,7
6754,7
6830,7
4192,7
4063,7
3289,7
5071,7
6318,7
5722,6
4188,6
6855,6
7878,6
6640,6
7483,6
1323,6
1422,6
159,6
1977,6
4388,6
4499,6
7485,6
3389,6
6341,6
7449,6
3344,6
4240,6
3712,6
1566,6
171,6
461,6
1747,6
4926,6
3559,6
6630,6
4260,6
2957,6
7541,6
6022,6
938,6
554,6
6103,6
1629,6
7474,6
3792,6
7117,6
7031,6
5254,6
5030,6
3822,6
3072,6
3984,6
7715,6
1610,6
876,6
5413,6
4121,6
2373,6
5930,6
4125,6
222,6
2559,6
342,6
3489,6
2582,6
5503,6
3743,6
3561,6
7621,6
324,6
3679,6
3802,6
2613,6
148,6
7440,6
3405,6
5546,6
5724,6
4466,6
401,6
2363,6
3274,6
337,6
1716,6
5903,6
6732,6
4179,5
5616,5
7428,5
3238,5
7897,5
3937,5
6055,5
3152,5
5198,5
6918,5
5480,5
1245,5
5420,5
6322,5
4193,5
4459,5
5900,5
3815,5
6944,5
5632,5
4730,5
5828,5
6471,5
7315,5
2993,5
3145,5
1288,5
1706,5
3330,5
4329,5
7435,5
4096,5
2338,5
4143,5
5442,5
6420,5
4982,5
7198,5
6498,5
5685,5
7209,5
5082,5
6302,5
3468,5
7834,5
7874,5
7914,5
6489,5
4041,5
836,5
6345,5
7638,5
2532,5
5290,5
3848,5
3277,5
5147,5
4522,5
4348,5
7649,5
3661,5
3196,5
3229,5
7048,5
4028,5
3484,5
7434,5
4283,5
6027,5
6834,5
6181,5
1317,5
3591,5
4145,5
4005,5
3163,5
753,5
3876,5
3062,5
4547,5
4083,5
6366,5
5022,5
7088,5
3035,5
6357,5
7872,5
7125,5
5411,5
6901,5
7503,5
8055,5
6315,5
7521,5
2950,5
7511,5
2523,5
1086,5
4980,5
2143,5
3581,4
7910,4
7430,4
7467,4
7106,4
7868,4
6586,4
7767,4
7798,4
7846,4
6619,4
3189,4
7057,4
2551,4
3257,4
1157,4
1584,4
1619,4
2036,4
2261,4
2972,4
7891,4
7479,4
4118,4
5145,4
3627,4
5753,4
6184,4
4189,4
832,4
4516,4
1795,4
4080,4
5074,4
5651,4
6340,4
6705,4
4965,4
6712,4
4509,4
3562,4
4175,4
2022,4
648,4
1018,4
3176,4
3180,4
292,4
2909,4
1501,4
3266,4
3928,4
5041,4
3055,4
1802,4
7064,4
2165,4
7744,4
5126,4
5997,4
456,4
7275,4
7288,4
7661,4
1421,4
2183,4
3039,4
4050,4
7213,4
5234,4
7827,4
6591,4
2207,4
3023,4
6912,4
3278,4
4539,4
5929,4
3134,4
3275,4
3754,4
4674,4
3122,4
6044,4
4663,4
2501,4
3691,4
3926,4
4506,4
5999,4
3839,4
4764,4
5045,4
7313,4
1927,4
3284,4
6424,4
987,4
988,4
3009,4
5049,4
5429,4
6519,4
6824,4
6825,4
6957,4
7077,4
7183,4
7422,4
7423,4
7424,4
7425,4
7426,4
7654,4
7880,4
1807,4
6300,4
7030,4
2642,4
3796,4
7815,4
3336,4
2059,4
4829,4
5190,4
5511,4
7463,4
6961,4
7443,4
5679,4
4291,4
2682,4
5973,4
1038,4
5418,4
2603,4
3465,4
1750,4
2656,4
1143,4
1293,4
1553,4
6167,4
6222,4
7406,4
6646,4
5103,4
7264,4
5212,4
4641,4
3310,4
3239,4
7905,4
619,4
3361,4
339,4
1262,4
3258,4
122,4
5957,4
7021,4
5586,4
5826,4
269,4
930,4
1726,3
6127,3
2486,3
698,3
2449,3
4111,3
6871,3
7766,3
6186,3
6840,3
1678,3
6174,3
5728,3
6814,3
6644,3
6884,3
751,3
8048,3
3729,3
4293,3
4418,3
1699,3
4622,3
5842,3
6722,3
7519,3
1065,3
7442,3
6887,3
1746,3
5608,3
7451,3
5219,3
6925,3
4026,3
5332,3
7470,3
1261,3
1683,3
1771,3
6829,3
7060,3
1891,3
2122,3
5461,3
5871,3
2130,3
3352,3
6651,3
1736,3
1756,3
2040,3
2081,3
3695,3
5847,3
2481,3
1208,3
4246,3
6317,3
1720,3
868,3
7617,3
3494,3
3940,3
4008,3
7502,3
1741,3
6451,3
5501,3
6092,3
7646,3
5576,3
4646,3
7142,3
5935,3
3723,3
3871,3
5013,3
1818,3
5965,3
5971,3
7412,3
2080,3
3930,3
4564,3
6172,3
5633,3
23,3
88,3
4176,3
78,3
121,3
5152,3
5161,3
6090,3
4376,3
7208,3
4408,3
5256,3
7203,3
7811,3
5166,3
6631,3
4398,3
5182,3
6588,3
3618,3
6533,3
7794,3
5704,3
7665,3
6121,3
5674,3
68,3
1322,3
5114,3
5524,3
5533,3
5641,3
7211,3
5257,3
5231,3
5982,3
6582,3
6548,3
7210,3
7911,3
7768,3
6102,3
7501,3
5227,3
3603,3
5086,3
6085,3
5567,3
3641,3
6100,3
6066,3
6615,3
2246,3
1918,3
4337,3
2503,3
3294,3
5913,3
4181,3
5690,3
6047,3
7797,3
3026,3
7530,3
3212,3
6628,3
3038,3
5464,3
6217,3
2861,3
3293,3
4166,3
5720,3
6707,3
5638,3
4656,3
5275,3
2509,3
7257,3
2175,3
3007,3
3206,3
1986,3
6886,3
3160,3
1729,3
131,3
204,3
5684,3
6921,3
1403,3
1089,3
5895,3
3142,3
6945,3
7271,3
20,3
7251,3
229,3
340,3
2228,3
6484,3
6729,3
5854,3
1598,3
6565,3
6240,3
4504,3
6936,3
2252,3
128,3
677,3
3324,3
4269,3
6916,3
6927,3
6964,3
5578,3
2341,3
6900,3
1209,3
847,3
957,3
2915,3
4662,3
6442,3
4049,3
5740,3
834,3
5317,3
5777,3
1051,3
4451,3
6928,3
4020,3
6219,3
2789,3
7750,3
2158,3
2583,3
5052,3
6321,3
6377,3
6800,3
118,3
2805,3
5908,3
1477,3
6547,3
7492,3
3355,3
3676,3
4206,3
6655,3
7121,3
7506,3
7534,3
7535,3
6933,3
6189,3
5279,3
977,3
6334,3
3373,3
540,3
6021,3
1895,3
6882,3
3268,3
3663,3
4089,3
3812,3
2926,3
6574,3
6421,3
6624,3
5096,3
3288,3
7512,2
5059,2
6656,2
3889,2
498,2
842,2
991,2
1165,2
1212,2
1290,2
1492,2
2375,2
2403,2
2478,2
2647,2
2662,2
2840,2
3019,2
3187,2
3577,2
3853,2
3944,2
4146,2
4496,2
4565,2
5465,2
6352,2
6372,2
6413,2
6479,2
6530,2
6674,2
6833,2
7547,2
7620,2
7703,2
60,2
5454,2
5568,2
5006,2
7702,2
6059,2
7419,2
5458,2
1671,2
3303,2
3495,2
3970,2
5134,2
5817,2
6305,2
6926,2
7663,2
6657,2
399,2
5869,2
6060,2
1138,2
4079,2
5107,2
7415,2
3953,2
4056,2
4161,2
4984,2
6821,2
8,2
114,2
115,2
192,2
254,2
256,2
299,2
581,2
604,2
649,2
668,2
670,2
846,2
971,2
972,2
1072,2
1351,2
1700,2
1868,2
1967,2
2135,2
2367,2
2473,2
2643,2
2813,2
2854,2
3256,2
3482,2
3501,2
4765,2
5027,2
6036,2
6238,2
6241,2
6822,2
6962,2
7308,2
7445,2
7528,2
3024,2
1583,2
2240,2
5763,2
7243,2
7737,2
1410,2
3648,2
3807,2
4550,2
1099,2
155,2
177,2
195,2
2170,2
3461,2
7153,2
3525,2
365,2
1370,2
6743,2
7193,2
1744,2
86,2
7774,2
1557,2
2797,2
4065,2
4024,2
6905,2
1102,2
5734,2
6716,2
7883,2
343,2
2443,2
3882,2
7724,2
6237,2
4213,2
2451,2
7848,2
7452,2
1625,2
81,2
1646,2
447,2
1024,2
829,2
3487,2
4485,2
45,2
2171,2
2197,2
3936,2
6425,2
7531,2
2847,2
6164,2
167,2
3633,2
1769,2
1982,2
1108,2
8044,2
5863,2
7094,2
133,2
172,2
6153,2
6329,2
2648,2
4473,2
4906,2
1111,2
2377,2
4541,2
5830,2
1719,2
2534,2
4514,2
2199,2
3650,2
3941,2
7770,2
4464,2
5846,2
6301,2
1474,2
4097,2
1100,2
6201,2
6328,2
246,2
1965,2
4796,2
5000,2
7172,2
7250,2
74,2
85,2
107,2
3458,2
4855,2
5194,2
5927,2
6043,2
6589,2
5230,2
5505,2
6077,2
4377,2
4983,2
5247,2
6087,2
5224,2
5504,2
4381,2
5424,2
5509,2
6071,2
6073,2
6193,2
5562,2
1940,2
2959,2
4409,2
3658,2
4327,2
5205,2
5710,2
7219,2
5204,2
6137,2
5314,2
5534,2
6573,2
4988,2
5706,2
5709,2
6642,2
7109,2
7166,2
7195,2
7289,2
6074,2
4715,2
4835,2
7782,2
6078,2
6594,2
7226,2
70,2
494,2
2145,2
2337,2
3534,2
3568,2
5238,2
5282,2
5561,2
7491,2
7772,2
3570,2
6556,2
2586,2
5486,2
5155,2
3234,2
5547,2
4819,2
6033,2
6963,2
7495,2
1502,2
5523,2
6081,2
2767,2
5675,2
7658,2
216,2
244,2
288,2
2771,2
6065,2
2137,2
2604,2
4961,2
5048,2
5662,2
5066,2
6570,2
3668,2
7056,2
7225,2
245,2
1189,2
3175,2
5046,2
5214,2
5436,2
7855,2
6128,2
5162,2
5448,2
6550,2
4970,2
5702,2
6079,2
6088,2
6113,2
6637,2
5712,2
7155,2
3604,2
5050,2
6618,2
7244,2
2405,2
5470,2
6094,2
6428,2
4854,2
7692,2
5215,2
5235,2
5260,2
7784,2
6344,2
4994,2
548,2
6583,2
6132,2
2052,2
2227,2
3407,2
7038,2
7068,2
6453,2
7235,2
3244,2
3740,2
6045,2
6160,2
7041,2
4198,2
4207,2
4778,2
5626,2
4360,2
5991,2
2511,2
3100,2
3184,2
4859,2
6758,2
3313,2
3751,2
5299,2
7273,2
2513,2
2574,2
2846,2
4693,2
2977,2
5339,2
2499,2
4217,2
7864,2
4238,2
7858,2
5658,2
6146,2
3267,2
2654,2
2883,2
3750,2
5172,2
3018,2
2515,2
3755,2
4665,2
4174,2
5348,2
6175,2
4226,2
7677,2
2530,2
3297,2
4741,2
5434,2
2508,2
3130,2
3454,2
3883,2
6677,2
364,2
4107,2
2164,2
2357,2
1827,2
1939,2
4959,2
5141,2
5809,2
4455,2
1444,2
2707,2
3397,2
4500,2
5176,2
6744,2
7472,2
7747,2
319,2
213,2
1786,2
4958,2
6895,2
7416,2
7907,2
238,2
501,2
6762,2
6763,2
7126,2
87,2
816,2
1647,2
2729,2
5113,2
5457,2
6226,2
203,2
3151,2
102,2
219,2
1279,2
3637,2
2495,2
2590,2
56,2
224,2
1228,2
2554,2
5624,2
2458,2
2577,2
2600,2
6016,2
136,2
1257,2
1989,2
6974,2
1164,2
2657,2
250,2
1493,2
2791,2
5881,2
7651,2
3004,2
4773,2
5123,2
2053,2
3799,2
639,2
4203,2
5943,2
6590,2
6648,2
3951,2
578,2
1126,2
1559,2
3181,2
527,2
2638,2
2875,2
6746,2
1518,2
3003,2
6401,2
6911,2
6969,2
7318,2
7730,2
6880,2
7504,2
4285,2
6512,2
6888,2
587,2
900,2
4816,2
6502,2
5762,2
7675,2
7671,2
1225,2
435,2
5727,2
3201,2
4521,2
3193,2
4601,2
120,2
695,2
1248,2
1308,2
1787,2
2172,2
2399,2
4780,2
7043,2
7055,2
4611,2
7165,2
279,2
451,2
7460,2
3138,2
5811,2
6032,2
7486,2
48,2
379,2
2010,2
2398,2
3179,2
2333,2
3931,2
6464,2
1561,2
2359,2
2395,2
2461,2
2723,2
2773,2
2986,2
5550,2
5621,2
6768,2
4523,2
955,2
997,2
7448,2
1425,2
1432,2
2635,2
2733,2
6696,2
4127,2
4110,2
5468,2
6465,2
2521,2
5085,2
6831,2
4057,2
1510,2
1540,2
2374,2
4488,2
6443,2
3711,2
4043,2
117,2
1708,2
1743,2
2051,2
2641,2
3260,2
3504,2
708,2
2607,2
6808,2
1391,2
2095,2
2234,2
484,2
709,2
1712,2
4150,2
5490,2
423,2
1218,2
3974,2
4373,2
1350,2
5112,2
6620,2
4533,2
1398,2
2815,2
3976,2
1539,2
1758,2
4074,2
6626,2
281,2
283,2
1319,2
3651,2
4630,2
4610,2
5414,2
7616,2
1296,2
1745,2
7138,2
231,2
1255,2
2585,2
2587,2
2882,2
3103,2
3335,2
3735,2
3847,2
4587,2
5070,2
5261,2
5829,2
5892,2
6111,2
6488,2
6645,2
7115,2
7312,2
7418,2
7691,2
2370,2
1908,2
611,2
5954,2
6194,2
1522,2
1599,2
3136,2
539,2
7429,2
612,2
1123,2
2186,2
5587,2
6504,2
1885,2
2106,2
2998,2
2068,2
2890,2
3359,2
2028,2
1778,2
2522,2
2903,2
2910,2
2930,2
4309,2
4512,2
4681,2
4683,2
7627,2
3826,2
2471,2
2811,2
3674,2
6343,2
5295,2
2907,2
6350,2
1595,2
2147,2
2944,2
3693,2
4513,2
6076,2
4205,2
1091,2
6643,2
6807,2
7900,2
3381,2
4531,2
7103,2
7619,2
4011,2
4021,2
4054,2
5003,2
5019,2
6166,2
2506,2
4786,2
6823,2
3197,2
2826,2
706,2
442,1
2973,1
3319,1
5858,1
6107,1
1011,1
1828,1
4183,1
5539,1
7214,1
996,1
7755,1
6922,1
5729,1
2204,1
2489,1
4186,1
5419,1
7245,1
841,1
852,1
1280,1
1458,1
2141,1
5430,1
6612,1
6662,1
6981,1
7137,1
7401,1
7686,1
1972,1
3491,1
6515,1
585,1
7778,1
4,1
207,1
294,1
580,1
589,1
597,1
599,1
606,1
687,1
691,1
696,1
702,1
848,1
867,1
968,1
980,1
1159,1
1160,1
1197,1
1452,1
1515,1
1661,1
1759,1
1836,1
2339,1
2404,1
2429,1
2584,1
2637,1
2659,1
2710,1
3328,1
3408,1
3473,1
3759,1
3993,1
4019,1
4123,1
4201,1
4415,1
4501,1
4578,1
4964,1
4999,1
5012,1
5089,1
5124,1
5285,1
5500,1
5510,1
5634,1
5669,1
5678,1
5802,1
5810,1
5851,1
5857,1
6000,1
6658,1
6904,1
6938,1
7042,1
7185,1
7455,1
7607,1
6711,1
6804,1
2035,1
4171,1
4255,1
5104,1
5171,1
6506,1
6665,1
7413,1
7777,1
7667,1
2496,1
3309,1
3476,1
3952,1
4141,1
4276,1
4322,1
4470,1
4619,1
4763,1
4913,1
5199,1
5805,1
5835,1
5966,1
6072,1
6220,1
6499,1
6535,1
6560,1
7157,1
7230,1
7447,1
4114,1
6960,1
7482,1
2073,1
3250,1
3598,1
3859,1
4698,1
5250,1
5274,1
7229,1
3295,1
6668,1
6692,1
812,1
1266,1
1538,1
1572,1
1622,1
2102,1
2485,1
2543,1
2658,1
2827,1
2839,1
2984,1
3021,1
3128,1
3255,1
3341,1
3647,1
3704,1
3749,1
3965,1
4014,1
4139,1
4160,1
4486,1
4583,1
4616,1
4738,1
4919,1
5025,1
5137,1
5474,1
5477,1
5514,1
5627,1
6695,1
6885,1
6995,1
7441,1
4159,1
4669,1
4973,1
5507,1
5700,1
5924,1
6418,1
7468,1
7847,1
1662,1
3669,1
973,1
1388,1
100,1
199,1
253,1
766,1
840,1
3045,1
4904,1
4990,1
5026,1
5940,1
3512,1
5136,1
5818,1
701,1
2085,1
5496,1
6474,1
4135,1
3863,1
3925,1
4414,1
4711,1
6398,1
6553,1
6764,1
6934,1
7323,1
7324,1
7326,1
7327,1
7887,1
7537,1
3200,1
5493,1
1339,1
2259,1
230,1
3634,1
4572,1
6346,1
7462,1
175,1
176,1
178,1
181,1
571,1
1124,1
1991,1
3146,1
3182,1
3464,1
7694,1
237,1
716,1
2712,1
2785,1
2836,1
4055,1
6811,1
3654,1
4557,1
5746,1
228,1
558,1
999,1
1071,1
2064,1
2067,1
5142,1
5856,1
7407,1
7869,1
236,1
1740,1
2168,1
3719,1
173,1
3555,1
6333,1
7760,1
1446,1
1915,1
2900,1
2912,1
2914,1
2961,1
4242,1
4456,1
4821,1
7714,1
21,1
233,1
386,1
801,1
1592,1
7431,1
108,1
744,1
1251,1
2383,1
3653,1
4471,1
4592,1
5196,1
5410,1
5872,1
7500,1
1369,1
2425,1
3164,1
5276,1
5283,1
3242,1
4064,1
4562,1
6850,1
180,1
59,1
3410,1
5329,1
5557,1
7652,1
945,1
1649,1
1902,1
4013,1
5816,1
6473,1
179,1
1523,1
3932,1
5472,1
5949,1
6685,1
6686,1
7107,1
7152,1
7408,1
7409,1
7487,1
7488,1
7489,1
7490,1
7833,1
79,1
6527,1
2152,1
1002,1
1311,1
2974,1
4910,1
4112,1
1414,1
1648,1
2415,1
3091,1
4468,1
4749,1
5109,1
6023,1
6177,1
7427,1
7514,1
5293,1
7538,1
1056,1
3880,1
3881,1
359,1
368,1
2090,1
2437,1
2438,1
2441,1
2444,1
2445,1
2477,1
2504,1
2853,1
2896,1
3008,1
3721,1
3800,1
4270,1
6704,1
7548,1
7898,1
2465,1
7895,1
101,1
111,1
1739,1
1781,1
2136,1
2151,1
2725,1
3110,1
3488,1
4645,1
4702,1
4787,1
5125,1
5350,1
5822,1
6906,1
7237,1
7560,1
7608,1
5934,1
2704,1
3061,1
3067,1
2358,1
3734,1
4296,1
4931,1
4241,1
4292,1
2039,1
4655,1
5402,1
1555,1
2867,1
5010,1
6956,1
71,1
3147,1
7695,1
234,1
1529,1
4580,1
6721,1
7457,1
135,1
3865,1
5484,1
7477,1
4272,1
5837,1
6455,1
967,1
5119,1
937,1
1710,1
1777,1
1810,1
1984,1
1997,1
2335,1
2410,1
5268,1
1847,1
1994,1
5189,1
3606,1
3753,1
3991,1
4978,1
5785,1
4087,1
5168,1
1912,1
2078,1
2221,1
2992,1
3946,1
6224,1
58,1
5265,1
5687,1
6161,1
6337,1
3451,1
3597,1
1727,1
4505,1
686,1
3793,1
5841,1
7886,1
888,1
2537,1
2849,1
3748,1
5945,1
6863,1
449,1
1389,1
4099,1
4638,1
5115,1
6584,1
2819,1
3714,1
4949,1
6213,1
6239,1
6893,1
6326,1
6723,1
1289,1
1761,1
2084,1
4311,1
4929,1
5459,1
5556,1
5563,1
5752,1
7822,1
839,1
1027,1
7127,1
97,1
157,1
1277,1
2262,1
2423,1
2713,1
2876,1
2877,1
3205,1
4169,1
4761,1
4905,1
4909,1
5422,1
5735,1
5962,1
6731,1
7438,1
69,1
1153,1
1757,1
2079,1
4151,1
5494,1
348,1
4908,1
125,1
3958,1
6367,1
6529,1
7795,1
61,1
126,1
190,1
467,1
663,1
1735,1
1768,1
3566,1
3623,1
4048,1
4987,1
5491,1
7266,1
5525,1
6112,1
2054,1
5173,1
5610,1
6114,1
5110,1
5560,1
7861,1
6611,1
6557,1
6558,1
5248,1
7187,1
5216,1
5603,1
6020,1
3452,1
3620,1
4237,1
5056,1
5535,1
7814,1
4453,1
6580,1
4325,1
5069,1
6098,1
3537,1
1596,1
4392,1
5072,1
5714,1
3602,1
4391,1
7020,1
7154,1
7156,1
7713,1
7223,1
7254,1
7790,1
314,1
322,1
894,1
1243,1
1506,1
4998,1
5150,1
5517,1
5527,1
5612,1
5660,1
6610,1
7894,1
1711,1
3767,1
6638,1
4568,1
5502,1
5559,1
5676,1
5688,1
857,1
6581,1
5156,1
1504,1
3655,1
6592,1
6595,1
7144,1
7817,1
7818,1
5316,1
2611,1
4216,1
7197,1
7221,1
7222,1
7656,1
4482,1
5623,1
6002,1
7256,1
7808,1
858,1
904,1
2075,1
3357,1
3875,1
4967,1
5963,1
5980,1
6877,1
7054,1
7073,1
7234,1
7248,1
6600,1
1684,1
3535,1
5460,1
3688,1
6075,1
6599,1
3773,1
6150,1
3536,1
3707,1
4362,1
4776,1
7220,1
5213,1
5878,1
217,1
453,1
818,1
1718,1
2851,1
3539,1
4130,1
4810,1
4815,1
5225,1
5555,1
6120,1
6567,1
6958,1
7188,1
7597,1
7762,1
7791,1
7813,1
7854,1
6097,1
6122,1
3617,1
4375,1
4827,1
7816,1
7826,1
6005,1
6561,1
7160,1
7602,1
2619,1
3770,1
5203,1
6753,1
240,1
1023,1
1528,1
3542,1
3547,1
4395,1
5622,1
3572,1
4004,1
4956,1
7689,1
7810,1
1,1
27,1
33,1
51,1
67,1
94,1
201,1
226,1
247,1
302,1
308,1
469,1
503,1
573,1
835,1
910,1
1025,1
1188,1
1481,1
2612,1
2834,1
2960,1
3098,1
3302,1
3414,1
3538,1
4384,1
4737,1
4811,1
5053,1
5907,1
6566,1
7178,1
7218,1
7224,1
7553,1
7598,1
7769,1
7783,1
7150,1
7751,1
5989,1
6569,1
5183,1
141,1
3546,1
4003,1
7823,1
6552,1
703,1
4382,1
5193,1
5229,1
5538,1
5697,1
6067,1
6597,1
3667,1
4779,1
5167,1
5843,1
5860,1
5926,1
7247,1
6138,1
6091,1
6093,1
7192,1
5084,1
7202,1
1254,1
5462,1
7809,1
66,1
830,1
1076,1
3322,1
3656,1
5067,1
5530,1
5708,1
5853,1
6101,1
6538,1
7147,1
7660,1
123,1
280,1
313,1
815,1
862,1
1250,1
1701,1
2048,1
2224,1
2591,1
2620,1
2673,1
2676,1
2832,1
3096,1
3619,1
3632,1
4390,1
4405,1
4680,1
4758,1
4768,1
4838,1
4840,1
4851,1
5065,1
5090,1
5197,1
5217,1
5239,1
5263,1
5467,1
5478,1
5498,1
5531,1
5532,1
5577,1
5619,1
5695,1
5756,1
5901,1
5915,1
6013,1
6029,1
6057,1
6089,1
6096,1
6099,1
6116,1
6152,1
6190,1
6528,1
6532,1
6616,1
6742,1
6861,1
6914,1
6954,1
7145,1
7168,1
7174,1
7191,1
7196,1
7232,1
7716,1
7788,1
7789,1
7807,1
7820,1
7856,1
7859,1
7865,1
2181,1
2225,1
2232,1
2472,1
4664,1
2531,1
3299,1
3054,1
2177,1
2220,1
2518,1
2606,1
2667,1
2987,1
3042,1
4215,1
4549,1
1816,1
2129,1
2239,1
2264,1
2470,1
2480,1
2498,1
2500,1
2502,1
2525,1
2526,1
2549,1
2879,1
2989,1
3082,1
3291,1
3610,1
3630,1
4277,1
4511,1
5278,1
5340,1
5637,1
6147,1
6749,1
7019,1
7180,1
7258,1
7432,1
7850,1
5914,1
3102,1
5143,1
5253,1
3276,1
4239,1
5998,1
4480,1
4623,1
2450,1
2491,1
2823,1
2825,1
3202,1
3745,1
4225,1
4229,1
4536,1
7849,1
7875,1
2512,1
4009,1
4230,1
4845,1
5232,1
5653,1
7311,1
2169,1
4648,1
5541,1
4607,1
6709,1
4728,1
4624,1
2538,1
3090,1
3058,1
4632,1
5542,1
7028,1
7893,1
1764,1
2345,1
5098,1
1723,1
1730,1
1763,1
1775,1
1785,1
1825,1
1987,1
2001,1
2353,1
2560,1
5801,1
5918,1
6843,1
1178,1
1329,1
1658,1
1985,1
2408,1
4256,1
4330,1
5326,1
6391,1
931,1
2978,1
5583,1
1831,1
4925,1
6691,1
7913,1
138,1
151,1
166,1
509,1
811,1
1073,1
1519,1
2342,1
3323,1
4034,1
1247,1
1512,1
1517,1
1721,1
1922,1
5813,1
6690,1
7314,1
1058,1
3467,1
5902,1
6324,1
1307,1
4546,1
7133,1
7674,1
1672,1
1676,1
2070,1
4652,1
4653,1
4750,1
7110,1
7877,1
555,1
714,1
752,1
1811,1
5310,1
5732,1
5992,1
6943,1
1791,1
3340,1
5438,1
293,1
2016,1
2180,1
2191,1
5666,1
25,1
747,1
1626,1
1923,1
3515,1
4573,1
6897,1
7587,1
11,1
193,1
4361,1
7045,1
223,1
3314,1
6860,1
316,1
41,1
75,1
303,1
7853,1
5613,1
6682,1
395,1
743,1
1155,1
2265,1
3760,1
5806,1
145,1
1665,1
6621,1
4930,1
5590,1
333,1
334,1
335,1
354,1
806,1
1600,1
4299,1
4383,1
6195,1
7036,1
191,1
1405,1
1450,1
1511,1
1591,1
2340,1
3015,1
3157,1
3173,1
3838,1
6868,1
7903,1
352,1
353,1
545,1
569,1
884,1
1468,1
1537,1
1546,1
1554,1
1803,1
2027,1
2869,1
2872,1
3950,1
4567,1
6806,1
694,1
1660,1
1880,1
3419,1
4263,1
4571,1
4640,1
5421,1
6873,1
7272,1
7668,1
378,1
1507,1
1585,1
4093,1
5585,1
640,1
1601,1
1796,1
2579,1
2601,1
2895,1
3017,1
3204,1
5298,1
5599,1
6593,1
6636,1
5149,1
4012,1
3044,1
4508,1
28,1
263,1
271,1
287,1
329,1
358,1
496,1
514,1
533,1
564,1
601,1
810,1
870,1
871,1
1751,1
2161,1
2347,1
2487,1
3137,1
3171,1
3624,1
4458,1
5016,1
5099,1
5659,1
5736,1
6422,1
6423,1
7400,1
7718,1
2344,1
4122,1
5202,1
7759,1
4561,1
6894,1
1533,1
2655,1
3680,1
5919,1
6004,1
3506,1
4290,1
4935,1
4534,1
4795,1
7763,1
6214,1
7265,1
7270,1
8090,1
2640,1
3459,1
4828,1
5160,1
5518,1
5607,1
6500,1
6908,1
7890,1
3737,1
144,1
4284,1
2632,1
4119,1
7885,1
7464,1
3247,1
7473,1
31,1
932,1
2795,1
3507,1
3593,1
5889,1
6026,1
2550,1
3131,1
7034,1
3673,1
6845,1
5450,1
1359,1
2990,1
1571,1
2411,1
3636,1
5975,1
5977,1
2898,1
5970,1
103,1
5401,1
1168,1
1495,1
1640,1
4342,1
486,1
4575,1
6327,1
63,1
156,1
291,1
2544,1
272,1
341,1
433,1
5181,1
5404,1
5407,1
7414,1
321,1
4454,1
4637,1
7599,1
225,1
3490,1
4243,1
4748,1
7085,1
1287,1
2187,1
4073,1
4075,1
4267,1
4582,1
4847,1
5063,1
5130,1
1466,1
2393,1
3140,1
3824,1
3966,1
5744,1
457,1
653,1
2969,1
3240,1
3481,1
3545,1
4219,1
5572,1
5681,1
5726,1
5754,1
5986,1
6155,1
7063,1
7837,1
5923,1
5417,1
5431,1
6171,1
6369,1
2714,1
2848,1
3005,1
3282,1
3370,1
5057,1
5242,1
5682,1
6526,1
6672,1
6751,1
7091,1
7119,1
7120,1
7319,1
7321,1
7704,1
7749,1
3043,1
4378,1
5047,1
6144,1
7533,1
4328,1
7494,1
418,1
2468,1
2687,1
2881,1
3006,1
3225,1
3230,1
3243,1
3245,1
4585,1
4598,1
5933,1
6411,1
7151,1
7436,1
7634,1
7906,1
7909,1
95,1
346,1
116,1
614,1
620,1
623,1
1418,1
2421,1
5243,1
5549,1
1731,1
384,1
617,1
5804,1
5338,1
1413,1
4472,1
1793,1
422,1
4692,1
2980,1
4918,1
488,1
492,1
948,1
949,1
1258,1
1294,1
1318,1
1899,1
1983,1
2046,1
2097,1
2412,1
2928,1
2976,1
3070,1
3219,1
3574,1
3588,1
3681,1
3786,1
4131,1
4180,1
4461,1
4469,1
4579,1
4682,1
4911,1
5588,1
5683,1
5803,1
5827,1
5937,1
6503,1
7118,1
7461,1
3049,1
3223,1
4915,1
4060,1
360,1
2557,1
2906,1
2927,1
2929,1
3218,1
3237,1
3393,1
4173,1
4450,1
2605,1
1306,1
2194,1
1675,1
1714,1
1732,1
1792,1
2830,1
3596,1
4247,1
4804,1
3692,1
3418,1
6381,1
537,1
1259,1
2062,1
2077,1
2202,1
5148,1
5976,1
6223,1
