Team,# Counties
4961,2
5421,1
1706,5
3596,1
1891,3
3559,6
4003,1
2411,1
5276,1
2587,2
4255,1
2081,3
2797,2
6956,1
2377,2
34,8
1712,2
5538,1
4181,3
848,1
1308,2
6882,3
120,2
247,1
3096,1
1518,2
456,4
6305,2
74,2
5060,7
2457,11
5196,1
2075,1
3951,2
4776,1
7897,5
6222,4
5603,1
213,2
3889,2
509,1
7447,1
4829,4
5878,1
1759,1
1228,2
6029,1
7126,2
1339,1
93,8
7055,2
5730,8
2612,1
6685,1
3352,3
4068,12
5687,1
4292,1
5119,1
173,1
5295,2
2470,1
5949,1
1259,1
5085,2
28,1
6626,2
7737,2
7222,1
1102,2
7111,9
5804,1
1225,2
2165,4
5005,7
5215,2
4610,2
4638,1
6895,2
3624,1
244,2
6833,2
4329,5
7503,5
4480,1
7848,2
3556,8
4715,2
2054,1
6580,1
5986,1
3140,1
204,3
648,4
4348,5
1290,2
3547,1
4388,6
269,4
1318,1
7463,4
7521,5
6932,7
1750,4
701,1
7895,1
6904,1
7031,6
5070,2
6500,1
2785,1
5317,3
1984,1
7907,2
7318,2
5502,1
6057,1
3457,16
1559,2
2640,1
3100,2
991,2
78,3
5826,4
818,1
2890,2
1793,1
4780,2
4360,2
201,1
3322,1
5854,3
3473,1
2498,1
6707,3
5977,1
7534,3
5113,2
4598,1
3748,1
2551,4
3328,1
3131,1
2600,2
6340,4
6128,2
3072,6
334,1
4811,1
5971,3
3035,5
5567,3
3393,1
3196,5
2989,1
1991,1
5493,1
7827,4
4373,2
4075,1
7321,1
6346,1
5752,1
155,2
3847,2
5919,1
365,2
5413,6
7028,1
7472,2
7599,1
7068,2
6155,1
2489,1
5610,1
4737,1
63,1
2344,1
5712,2
5419,1
6692,1
5027,2
337,6
5274,1
6101,1
7531,2
1155,1
4213,2
180,1
7778,1
6055,5
6954,1
3255,1
2264,1
6337,1
624,7
677,3
1266,1
3267,2
862,1
442,1
4935,1
1038,4
2443,2
3110,1
7019,1
6488,2
2073,1
1528,1
7195,2
100,1
4173,1
7849,1
279,2
7417,7
1757,1
3187,2
7704,1
538,12
6754,7
7914,5
4611,2
3017,1
6138,1
7621,6
1908,2
5265,1
4290,1
60,2
7769,1
3863,1
6905,2
2872,1
5722,6
2468,1
4145,5
5503,6
4099,1
7220,1
433,1
5626,2
2641,2
4198,2
4127,2
5802,1
7541,6
5509,2
4361,1
20,3
7482,1
847,3
1538,1
4472,1
5710,2
4512,2
171,6
353,1
3218,1
3070,1
2601,1
554,6
1072,2
668,2
7155,2
122,4
1322,3
7109,2
3212,3
7553,1
2879,1
6381,1
1165,2
5049,4
2373,6
486,1
5074,4
2805,3
3965,1
1551,7
3545,1
4189,4
4414,1
4201,1
8090,1
6844,10
6662,1
7893,1
7473,1
5500,1
1785,1
2811,2
8044,2
3814,7
1640,1
3061,1
5926,1
3937,5
128,3
1288,5
2496,1
6569,1
2228,3
3570,2
7248,1
5414,2
4994,2
2725,1
1727,1
5229,1
7094,2
1307,1
6181,5
4405,1
4516,4
6921,3
6193,2
2987,1
3234,2
4664,1
5491,1
545,1
141,1
6764,1
4073,1
2509,3
2438,1
5161,3
2225,1
7418,2
5457,2
7125,5
6594,2
4325,1
1255,2
7597,1
4180,1
7856,1
61,1
2515,2
3182,1
3737,1
2358,1
1764,1
5837,1
5417,1
743,1
6443,2
6690,1
3160,3
2423,1
6099,1
709,2
5568,2
178,1
1153,1
4683,2
1610,6
6065,2
4473,2
900,2
1403,3
7634,1
86,2
3515,1
1073,1
2170,2
4171,1
3370,1
3173,1
3284,4
2053,2
5828,5
360,1
7718,1
931,1
7150,1
6619,4
6237,2
2204,1
5103,4
5683,1
589,1
5115,1
2130,3
7783,1
7560,1
4958,2
2673,1
4156,8
6428,2
1468,1
5945,1
7502,3
3145,5
5541,1
7218,1
4467,9
2531,1
6937,7
5199,1
1533,1
2707,2
4049,3
4593,54
2374,2
302,1
4375,1
4779,1
7434,5
1388,1
6644,3
968,1
4230,1
2143,5
3636,1
935,18
2183,4
6425,2
379,2
5316,1
3355,3
1601,1
3984,6
1197,1
7400,1
876,6
3926,4
2877,1
5998,1
7872,5
4418,3
4665,2
5125,1
888,1
7048,5
7826,1
31,1
4557,1
114,2
3695,3
3735,2
1425,2
3189,4
910,1
5112,2
6302,5
4215,1
293,1
7573,12
5486,2
3525,2
3414,1
3954,10
5066,2
7487,1
7203,3
5498,1
5427,7
7166,2
7104,10
3812,3
6922,1
2232,1
3223,1
5924,1
830,1
5418,4
617,1
1262,4
2914,1
7407,1
6916,3
5989,1
7419,2
4758,1
7530,3
364,2
5190,4
4141,1
3340,1
7817,1
2152,1
1293,4
1922,1
6094,2
6935,7
4835,2
7811,3
6503,1
1160,1
5653,1
938,6
1987,1
6219,3
1410,2
4087,1
238,2
167,2
2239,1
5915,1
6100,3
4656,3
7188,1
5943,2
5523,2
6137,2
1540,2
5622,1
2856,16
972,2
4749,1
59,1
4585,1
87,2
5835,1
3359,2
5431,1
2171,2
3606,1
321,1
5863,2
4013,1
2421,1
7691,2
1571,1
3843,11
1756,3
6097,1
3239,4
7309,17
4669,1
176,1
7790,1
1599,2
846,2
6753,1
118,3
3152,5
5224,2
5684,3
2930,2
7423,4
858,1
4931,1
3637,2
3822,6
5638,3
7768,3
4959,2
2538,1
3134,4
2085,1
6611,1
5613,1
4382,1
5968,16
136,2
3257,4
4169,1
263,1
7861,1
1099,2
3171,1
7441,1
695,2
5872,1
2347,1
6420,5
4851,1
7716,1
2375,2
6519,4
2486,3
3597,1
2733,2
2202,1
5965,3
6695,1
6164,2
5681,1
56,2
3859,1
2687,1
195,2
1466,1
5539,1
3714,1
3566,1
7512,2
2582,6
6195,1
1124,1
6824,4
7540,13
5505,2
7651,2
1164,2
5197,1
4063,7
7898,1
1778,2
6334,3
3668,2
103,1
7494,1
1818,3
6877,1
115,2
3807,2
4632,1
5348,2
2338,5
5459,1
3634,1
5706,2
3230,1
6846,9
7657,9
6871,3
4910,1
6451,3
7414,1
3295,1
2048,1
399,2
6036,2
2903,2
2554,2
7223,1
1732,1
7766,3
2028,2
7235,2
5805,1
6831,2
4521,2
6729,3
1982,2
291,1
6658,1
2992,1
23,3
2795,1
7670,7
834,3
319,2
1994,1
5496,1
5660,1
2638,2
6067,1
2022,4
6180,7
2403,2
3181,2
973,1
7525,11
5182,3
2539,9
2357,2
6723,1
6033,2
5518,1
1803,1
4330,1
6146,2
6442,3
7602,1
2912,1
1729,3
5160,1
6581,1
4026,3
66,1
5583,1
177,2
4592,1
5188,12
5632,5
5830,2
4139,1
5006,2
7667,1
6239,1
5438,1
1723,1
5225,1
4821,1
7686,1
6933,3
3329,8
7118,1
4944,15
3650,2
1985,1
2826,2
4256,1
3344,6
5219,3
7751,1
4306,17
7470,3
708,2
4534,1
7257,3
930,4
288,2
3323,1
131,3
498,2
5546,6
3277,5
5167,1
3206,3
6646,4
3749,1
7562,9
7880,4
7794,3
4269,3
6341,6
6674,2
4454,1
4565,2
2010,2
335,1
1939,2
5688,1
2052,2
4694,33
190,1
7788,1
4263,1
3669,1
5534,2
5966,1
6077,2
1847,1
4929,1
3663,3
3786,1
4183,1
5454,2
7859,1
7455,1
7702,2
2345,1
3839,4
816,2
7714,1
5420,5
7899,7
3777,8
88,3
7677,2
4048,1
2620,1
955,2
1622,1
4717,10
5695,1
7767,4
3792,6
585,1
3635,7
181,1
292,4
3302,1
4550,2
2265,1
5130,1
2950,5
4562,1
7230,1
4121,6
2543,1
829,2
1529,1
2370,2
101,1
3298,36
6961,4
7208,3
6344,2
980,1
3632,1
5053,1
4055,1
539,2
6326,1
2611,1
7137,1
1810,1
1477,3
3882,2
5732,1
7511,5
4908,1
4711,1
5871,3
4021,2
3490,1
5562,2
2577,2
7452,2
2062,1
6391,1
5590,1
4973,1
7578,21
3679,6
27,1
7674,1
3719,1
7221,1
5667,10
3555,1
1619,4
2642,4
3024,2
1730,1
5232,1
6715,10
977,3
4828,1
5803,1
3941,2
3410,1
7903,1
3006,1
7730,2
5621,2
564,1
5090,1
144,1
4637,1
1218,2
1678,3
6934,1
3219,1
6721,1
3651,2
4328,1
422,1
5973,4
3481,1
5960,7
1912,1
6184,4
7258,1
1138,2
1598,3
7483,6
3324,3
1721,1
5239,1
5016,1
5152,3
4089,3
4415,1
2059,4
7141,7
5205,2
6499,1
6746,2
4270,1
555,1
4381,2
151,1
7289,2
4295,11
7749,1
2655,1
6465,2
1965,2
5507,1
7900,2
7036,1
2090,1
7607,1
4622,3
6616,1
7619,2
7088,5
71,1
7462,1
7042,1
6845,1
1885,2
7499,12
3602,1
222,6
333,1
4009,1
7774,2
7107,1
7703,2
6712,4
6530,2
484,2
1595,2
3667,1
3136,2
842,2
6558,1
1089,3
870,1
339,4
4816,2
2522,2
3633,2
253,1
4730,5
2451,2
7191,1
2550,1
5202,1
1280,1
108,1
4378,1
1111,2
2960,1
6589,2
5504,2
2791,2
2186,2
3593,1
2729,2
7144,1
6691,1
6160,2
2027,1
6901,5
599,1
4409,2
3704,1
179,1
7777,1
6657,2
611,2
6398,1
3883,2
5424,2
2106,2
5810,1
4246,3
716,1
1802,4
7663,2
5193,1
1287,1
7836,10
1719,2
1370,2
7490,1
3260,2
2840,2
1546,1
6873,1
6072,1
6855,6
6324,1
7151,1
4166,3
6620,2
5326,1
256,2
3488,1
3291,1
5992,1
6318,7
6032,2
5588,1
1716,6
2495,2
3146,1
25,1
4567,1
6085,3
753,5
5801,1
2532,5
2594,8
904,1
4533,2
303,1
3408,1
6321,3
6506,1
3029,7
1537,1
229,3
1389,1
2773,2
1648,1
5934,1
3591,5
6045,2
5514,1
4342,1
6343,2
223,1
1827,2
7401,1
1741,3
2504,1
4641,4
1506,1
7815,4
5468,2
5048,2
4151,1
7256,1
5480,5
3461,2
3137,1
7855,2
4459,5
744,1
1735,1
6201,2
6116,1
1997,1
5231,3
5675,2
3381,2
5107,2
6648,2
5465,2
4,1
5126,4
3976,2
7676,11
7034,1
6161,1
6076,2
686,1
69,1
3745,1
1143,4
3341,1
6843,1
1923,1
948,1
4450,1
7315,5
3452,1
578,2
2579,1
5700,1
606,1
6107,1
2607,2
2190,13
6960,1
3172,23
5777,3
7516,14
5962,1
4398,3
7519,3
4509,4
6073,2
2437,1
4114,1
1522,2
6214,1
6621,1
1294,1
5623,1
2974,1
6809,11
5046,2
4207,2
7454,14
568,27
6834,5
7883,2
5478,1
1763,1
7797,3
368,1
6615,3
1359,1
4060,1
6664,7
5679,4
2508,2
4296,1
597,1
5052,3
7791,1
5299,2
1880,1
5142,1
4978,1
5549,1
159,6
3974,2
5404,1
5071,7
714,1
4216,1
4787,1
97,1
4383,1
7488,1
4630,2
6800,3
7785,16
1683,3
6742,1
4005,5
4079,2
4904,1
2635,2
230,1
7408,1
7448,2
6584,1
2614,10
2465,1
7658,2
640,1
492,1
7908,8
7501,3
3604,2
3641,3
6668,1
5003,2
7211,3
5250,1
1720,3
156,1
7103,2
3055,4
4229,1
7041,2
1662,1
3067,1
5735,1
5204,2
2910,2
7905,4
418,1
4911,1
2518,1
6995,1
7106,4
6464,2
1504,1
5577,1
7270,1
6850,1
5892,2
2574,2
6918,5
6114,1
1168,1
4337,3
6758,2
6139,11
4377,2
2848,1
4008,3
246,2
2444,1
1446,1
5923,1
7649,5
3950,1
7196,1
2102,1
4174,2
3484,5
1915,1
4186,1
1511,1
1758,2
5186,11
67,1
3759,1
7054,1
2682,4
5929,4
2080,3
5843,1
3018,2
2503,3
5608,3
4488,2
329,1
2861,3
5982,3
7770,2
5809,2
2429,1
7119,1
4232,7
6157,19
4217,2
1011,1
7406,4
5556,1
4112,1
2534,2
2710,1
7187,1
6656,2
5411,5
6548,3
5254,6
6919,12
4390,1
6068,11
271,1
7869,1
6894,1
3821,7
2648,2
6474,1
7045,1
1332,15
3330,5
3848,5
283,2
1761,1
5056,1
937,1
6059,2
7156,1
323,8
5902,1
3815,5
2966,7
6912,4
2039,1
5285,1
191,1
7789,1
2472,1
2164,2
203,2
2957,6
5436,2
1277,1
4572,1
857,1
342,6
7224,1
5279,3
453,1
4119,1
6090,3
3574,1
4662,3
5822,1
2537,1
5402,1
4998,1
308,1
7906,1
1786,2
111,1
3256,2
6885,1
4924,7
1209,3
4640,1
5467,1
5063,1
1977,6
7311,1
7147,1
4918,1
4187,9
228,1
6570,2
3707,1
1746,3
5930,6
6004,1
3661,5
1058,1
3130,2
7030,4
5720,3
5230,2
5674,3
6811,1
1740,1
5242,1
5813,1
7243,2
4838,1
3062,5
3824,1
7715,6
3991,1
7073,1
6802,10
4074,2
5248,1
6075,1
2658,1
6731,1
1660,1
6327,1
1700,2
1811,1
4909,1
7413,1
3491,1
3405,6
4193,5
5168,1
987,4
7308,2
324,6
1731,1
5026,1
7694,1
68,3
2584,1
2180,1
3658,2
6112,1
5659,1
3019,2
5227,3
7425,4
145,1
7759,1
4093,1
3180,4
6808,2
4514,2
4206,3
5881,2
1247,1
5517,1
670,2
2927,1
5903,6
435,2
3618,3
3103,2
3581,4
4607,1
3297,2
4854,2
2473,2
1768,1
5141,2
5783,8
5841,1
7064,4
747,1
216,2
7496,7
6574,3
7225,2
4019,1
6821,2
3044,1
2591,1
4663,4
6401,2
2046,1
5132,13
2199,2
5082,5
2813,2
5147,5
6552,1
2853,1
4050,4
7185,1
3535,1
2544,1
3004,2
1710,1
957,3
3844,20
5619,1
4462,8
3501,2
4203,2
1972,1
2353,1
5474,1
1775,1
6944,5
4539,4
3023,4
4453,1
1787,2
7429,2
7154,1
6565,3
6241,2
5172,2
806,1
5283,1
386,1
2458,2
2261,4
3865,1
4990,1
5894,7
7506,3
6642,2
5030,6
7435,5
871,1
3572,1
4104,10
3288,3
4734,10
3970,2
2613,6
1701,1
5203,1
7500,1
4564,3
4111,3
6352,2
2961,1
4765,2
1432,2
6911,2
4601,2
3936,2
7713,1
2619,1
7145,1
6630,6
1414,1
5234,4
2647,2
226,1
2227,2
4299,1
7864,2
2523,5
2585,2
7460,2
2070,1
2881,1
4327,2
4364,8
6113,2
7485,6
4240,6
1056,1
2477,1
4336,10
6002,1
6226,2
488,1
4561,1
7229,1
3335,2
2986,2
7479,4
5407,1
5576,3
2147,2
3838,1
7784,2
4219,1
5490,2
3418,1
5666,1
6556,2
5098,1
6655,3
4645,1
1646,2
6186,3
4225,1
3647,1
1658,1
2823,1
1769,2
1254,1
4796,2
4265,11
5685,5
217,1
3082,1
7608,1
5339,2
6880,2
1553,4
6021,3
7661,4
7266,1
7837,1
3147,1
3258,4
3175,2
4827,1
4855,2
3005,1
6840,3
4682,1
5253,1
6350,2
5089,1
7868,4
4020,3
1649,1
3946,1
5762,2
4057,2
7192,1
3542,1
4085,15
6171,1
6927,3
7627,2
5173,1
4309,2
1507,1
79,1
7121,3
1350,2
3940,3
7693,23
45,2
2959,2
3610,1
4500,2
4176,3
341,1
3042,1
6733,7
7782,2
7251,3
2425,1
1591,1
6498,5
7547,2
1023,1
1421,4
2851,1
1557,2
6566,1
2583,3
1569,7
2530,2
7652,1
4778,2
6504,2
6964,3
116,1
6807,2
687,1
6643,2
7865,1
7461,1
4143,5
2240,2
5472,1
2996,12
378,1
949,1
6071,2
7152,1
4096,5
2333,2
6884,3
2035,1
384,1
7467,4
4061,8
5198,5
6150,1
3459,1
5136,1
6557,1
5963,1
3487,2
3163,5
4568,1
5559,1
3734,1
5275,3
6705,4
5991,2
6102,3
2657,2
4522,5
5633,3
449,1
5818,1
2549,1
7486,2
7671,2
6424,4
2083,8
3465,4
2404,1
1554,1
4652,1
3407,2
533,1
3654,1
2830,1
2481,3
7492,3
1816,1
5889,1
1647,2
7878,6
6829,3
3299,1
3928,4
6000,1
2895,1
5143,1
2907,2
33,1
7313,4
4575,1
5155,2
6696,2
7412,3
4587,2
4192,7
6588,3
604,2
6502,2
4541,2
7193,2
7909,1
7489,1
7085,1
166,1
4239,1
4027,7
4408,3
3225,1
5729,1
4547,5
6166,2
4905,1
4501,1
1502,2
7409,1
2512,1
3750,2
4674,4
4159,1
6359,51
3947,7
5763,2
7724,2
6860,1
7431,1
5257,3
6172,3
752,1
1212,2
348,1
1351,2
6533,3
2559,6
1178,1
4680,1
2846,2
117,2
4276,1
157,1
7755,1
6817,9
5933,1
6044,4
7255,16
1243,1
839,1
3009,4
3676,3
7153,2
6638,1
447,2
694,1
2036,4
5171,1
1323,6
2988,8
7468,1
3753,1
6121,3
2161,1
5853,1
4458,1
3204,1
7533,1
1157,4
6413,2
5708,1
4043,2
614,1
5847,3
4267,1
3673,1
1086,5
4110,2
2405,2
2849,1
5970,1
6367,1
6081,2
2445,1
4122,1
6194,2
4949,1
7021,4
7814,1
2704,1
7197,1
102,2
4175,4
4804,1
4384,1
3275,4
5458,2
8048,3
1799,7
5634,1
7138,2
7314,1
3451,1
2220,1
3562,4
1626,1
4080,4
7638,5
5464,3
6910,10
5727,2
6145,10
5492,14
5150,1
5261,2
5557,1
4582,1
867,1
6583,2
7234,1
5002,23
3871,3
5816,1
6213,1
2723,2
4153,11
5437,7
4795,1
2945,12
4391,1
6768,2
2513,2
2973,1
5045,4
6586,4
1444,2
5477,1
5724,6
5057,1
5736,1
7157,1
3482,2
7515,13
2643,2
3729,3
4508,1
6805,16
4311,1
6592,1
4965,4
401,6
4681,2
7213,4
6238,2
4573,1
7438,1
6020,1
3751,2
2998,2
4999,1
5678,1
2393,1
4283,5
5110,1
6926,2
6651,3
7762,1
4237,1
3754,4
6938,1
16,8
1065,3
5940,1
2819,1
1250,1
2847,2
4919,1
2341,3
2526,1
5709,2
1676,1
7250,2
6599,1
6005,1
1512,1
5585,1
7142,3
3834,8
3760,1
4056,2
7833,1
6969,2
2168,1
5860,1
2335,1
766,1
5243,1
2767,2
346,1
7120,1
1596,1
6122,1
5533,3
5669,1
7210,3
3680,1
7617,3
3276,1
4499,6
5866,10
340,3
6189,3
587,2
254,2
698,3
2659,1
1661,1
4956,1
5527,1
4536,1
2909,4
3958,1
3538,1
6636,1
7858,2
4576,7
1519,1
272,1
7886,1
75,1
3767,1
5851,1
2915,3
4456,1
4496,2
3202,1
7695,1
6704,1
3054,1
6889,11
2449,3
7127,1
5817,2
2181,1
6550,2
7275,4
1726,3
751,3
3464,1
7183,4
2875,2
1,1
2471,2
2789,3
5194,2
5123,2
6220,1
5086,3
868,3
7877,1
2980,1
7457,1
4054,2
5484,1
649,2
501,2
945,1
4376,3
7744,4
6711,1
3045,1
7451,3
5697,1
5293,1
199,1
6217,3
6677,2
2900,1
3875,1
2480,1
2172,2
1902,1
5148,1
6553,1
5975,1
5555,1
4580,1
7232,1
7692,2
7528,2
6027,5
2363,6
5410,1
1711,1
5213,1
316,1
6547,3
1319,2
6893,1
6473,1
4648,1
85,2
5586,4
7319,1
1828,1
6887,3
1100,2
5901,1
7442,3
236,1
7174,1
3184,2
6421,3
2064,1
3138,2
2487,1
5728,3
5895,3
2499,2
5238,2
4571,1
3721,1
7436,1
2342,1
5114,3
2129,1
3289,7
5401,1
3008,1
6526,1
6637,2
5676,1
5145,4
4011,2
2654,2
2234,2
7760,1
4655,1
3197,2
6825,4
6111,2
1807,4
3237,1
2262,1
6532,1
1708,2
3274,6
2928,1
4118,4
6190,1
70,2
6301,2
6597,1
3931,2
5599,1
653,1
5846,2
7847,1
3157,1
7427,1
5858,1
7288,4
1739,1
1051,3
7538,1
3419,1
4260,6
6665,1
1261,3
6120,1
3015,1
4692,1
2001,1
5263,1
4272,1
4988,2
7446,9
6471,5
573,1
5099,1
2450,1
6943,1
1452,1
5525,1
835,1
7202,1
3536,1
7165,2
5022,5
3268,3
1625,2
1665,1
5183,1
1517,1
4763,1
7464,1
6489,5
6863,1
3037,13
6628,3
4470,1
3802,6
3620,1
224,2
5025,1
6582,3
6640,6
3200,1
527,2
2068,2
1585,1
3142,3
5954,2
3796,4
5550,2
6560,1
2972,4
2441,1
6022,6
7810,1
1986,3
6329,2
1718,1
5260,2
126,1
5627,1
3691,4
5470,2
7875,1
2978,1
5050,2
4064,1
4461,1
1539,2
7326,1
1317,5
1391,2
6709,1
971,2
3043,1
601,1
2158,3
6047,3
5134,2
7795,1
7662,8
7057,4
4970,2
2898,1
6144,1
6567,1
1940,2
1027,1
4578,1
1126,2
4024,2
4386,34
706,2
2136,1
6422,1
1795,4
3336,4
1289,1
314,1
6078,2
3793,1
4819,2
2969,1
5637,1
4773,2
996,1
4242,1
5069,1
3944,2
6453,2
5624,2
234,1
5927,2
3506,1
3309,1
2078,1
4150,2
2556,11
2485,1
4693,2
5137,1
496,1
7854,1
3164,1
7237,1
2340,1
3176,4
5662,2
6672,1
148,6
6240,3
1555,1
580,1
1024,2
7440,6
4653,1
4764,4
1583,2
3655,1
6333,1
5532,1
7209,5
1413,1
4915,1
225,1
3090,1
5162,2
3201,2
4511,1
6888,2
1672,1
4523,2
6928,3
6595,1
1071,1
1018,4
503,1
4980,5
3266,4
5856,1
8055,5
6023,1
3294,3
358,1
2359,2
4034,1
2606,1
1592,1
6515,1
1188,1
6762,2
1817,10
571,1
3692,1
3568,2
250,2
5511,4
3300,12
1450,1
3007,3
133,2
6167,4
4065,2
2501,4
6066,3
4107,2
7117,6
5181,1
1515,1
6722,3
4761,1
7265,1
7910,4
6861,1
4703,7
4616,1
4468,1
4286,8
3374,13
7416,2
2137,2
5829,2
2177,1
1796,1
5298,1
5212,4
3880,1
4277,1
3476,1
5980,1
3711,2
5560,1
997,2
7808,1
2603,4
7660,1
2714,1
4786,2
6512,2
2097,1
7750,3
7219,2
3800,1
2976,1
1781,1
4623,1
7324,1
6079,2
5166,3
7620,2
3205,1
7160,1
812,1
6957,4
2896,1
6858,14
3467,1
4182,8
3603,3
121,3
581,2
1025,1
3495,2
2051,2
988,4
3853,2
4123,1
457,1
5641,3
6223,1
2557,1
5422,1
4004,1
2560,1
2412,1
3930,3
6732,6
81,2
4314,8
5734,2
5067,1
3242,1
5314,2
7426,4
5746,1
2221,1
7747,2
6590,2
1189,2
5740,3
4160,1
4987,1
3026,3
3693,2
2511,2
4583,1
7432,1
41,1
2141,1
6411,1
4041,5
612,2
3588,1
192,2
6686,1
5268,1
3492,13
5104,1
1405,1
4247,1
3193,2
3653,1
6751,1
6528,1
7911,3
5530,1
1831,1
840,1
6763,2
4913,1
1510,2
2067,1
6593,1
2252,3
4768,1
94,1
5524,3
2095,2
3770,1
7272,1
6868,1
7312,2
5450,1
1751,1
5561,2
6945,3
4701,10
4466,6
2854,2
3616,10
4984,2
569,1
4284,1
7763,1
3397,2
2977,2
6535,1
6322,5
7038,2
1251,1
4546,1
6618,2
3952,1
7214,1
1279,2
1501,4
6177,1
1566,6
702,1
5935,3
3959,8
1927,4
3357,1
7834,5
5429,4
6328,2
2169,1
6455,1
6624,3
4741,2
4926,6
3743,6
7689,1
1967,2
2191,1
3681,1
7535,3
884,1
4130,1
7822,1
11,1
2712,1
3539,1
1714,1
5216,1
7430,4
4392,1
7887,1
2990,1
1014,8
7063,1
5494,1
6517,7
1248,2
7495,2
4161,2
6631,3
4991,9
1918,3
3623,1
2632,1
1745,2
5176,2
810,1
2882,2
2478,2
193,1
3314,1
7807,1
5957,4
4451,3
7415,2
4738,1
1208,3
7813,1
6418,1
619,4
3151,2
2398,2
6074,2
5235,2
2410,1
4226,2
2521,2
6372,2
1983,1
1699,3
8,2
135,1
7915,8
2207,4
7273,2
5065,1
2836,1
3240,1
4982,5
5744,1
5340,1
3216,26
1418,1
801,1
7168,1
7020,1
4146,2
3876,5
6600,1
6147,1
1076,1
5013,3
5149,1
4285,2
6357,5
6175,2
7850,1
4840,1
5658,2
3953,2
3993,1
5019,2
7091,1
4809,13
1736,3
6093,1
4205,2
999,1
2676,1
3247,1
7798,4
6749,1
2827,1
1258,1
2506,2
237,1
5096,3
3102,1
1684,1
6013,1
4362,1
663,1
6573,2
3179,2
2590,2
7449,6
1329,1
354,1
4847,1
7474,6
7548,1
4859,2
4455,2
6527,1
4702,1
6814,3
5109,1
3688,1
7443,4
4643,8
2667,1
3534,2
4964,1
5535,1
3966,1
3546,1
5547,2
2929,1
5461,3
2525,1
1675,1
280,1
7894,1
3648,2
3244,2
7428,5
3454,2
1493,2
1422,6
4083,5
3494,3
3630,1
5702,2
5282,2
3577,2
7172,2
5578,3
5714,1
1792,1
7271,3
5310,1
620,1
6962,2
3139,10
4486,1
3361,4
1561,2
7422,4
6103,6
5976,1
5572,1
3229,5
5041,4
3303,2
6016,2
2883,2
7820,1
836,5
7656,1
3537,1
4983,2
5785,1
4810,1
691,1
287,1
7885,1
1123,2
4332,7
299,2
1777,1
5072,1
4619,1
6358,8
2399,2
4471,1
6345,5
7616,2
525,11
4028,5
2337,2
5918,1
6484,3
7484,9
7891,4
1771,3
540,3
207,1
7598,1
639,2
6981,1
219,2
5156,1
6561,1
5563,1
3627,4
4135,1
469,1
6419,12
7675,2
877,21
1398,2
2408,1
6830,7
537,1
2834,1
4906,2
7327,1
2637,1
5869,2
1836,1
5338,1
1108,2
815,1
395,1
3319,1
494,2
423,2
6060,2
1481,1
5332,3
3038,3
4579,1
5690,3
7247,1
6716,2
2461,2
6026,1
6423,1
932,1
1895,3
7077,4
7913,1
6682,1
6645,2
3723,3
343,2
2415,1
2662,2
6091,1
281,2
4243,1
3245,1
2825,1
5542,1
852,1
1296,2
5329,1
5900,5
6886,3
4925,1
4505,1
5999,4
3507,1
2079,1
7654,4
5607,1
1303,11
7802,9
5434,2
5462,1
352,1
4845,1
7043,2
3366,29
6315,5
3674,2
6639,9
2122,3
3282,1
7244,2
3310,4
3939,11
5937,1
6963,2
6806,1
3091,1
4188,6
4941,11
451,2
6300,4
6088,2
1747,6
294,1
3313,2
3773,1
6744,2
5857,1
4293,3
6479,2
359,1
6377,3
3122,4
3504,2
7537,1
7133,1
2187,1
7198,5
3458,2
547,7
2175,3
5616,5
2869,1
1744,2
2040,3
7818,1
3128,1
4549,1
7846,4
4639,7
1306,1
245,2
2135,2
2246,3
7772,2
5811,2
6908,1
1806,8
1791,1
7491,2
967,1
3039,4
6174,3
4469,1
3619,1
7445,2
6914,1
461,6
2224,1
2656,4
4728,1
590,29
5842,3
3881,1
2906,1
6152,1
2502,1
4179,5
7226,2
4750,1
6822,2
3489,6
7254,1
467,1
1245,5
7809,1
2604,2
1257,2
6132,2
5012,1
322,1
4815,1
125,1
4014,1
4395,1
4506,4
5247,2
7874,5
4238,2
5913,3
1572,1
6098,1
1868,2
2783,8
1584,4
3656,1
662,12
2832,1
5756,1
5907,1
7411,11
6092,3
5290,5
7180,1
7587,1
5651,4
2197,2
7056,2
6612,1
3468,5
1899,1
1495,1
5848,11
51,1
1671,2
7245,1
3826,2
2151,1
3755,2
5827,1
3598,1
313,1
5682,1
2016,1
5278,1
6089,1
1159,1
7646,3
7708,10
7115,2
4241,1
6958,1
3243,1
6538,1
2839,1
1825,1
5256,3
233,1
3098,1
6591,4
3925,1
5997,4
2077,1
6936,3
4531,2
548,2
7072,8
4485,2
7853,1
1091,2
5753,4
2339,1
5460,1
514,1
2586,2
2771,2
2367,2
6043,2
2194,1
1600,1
3021,1
4698,1
1492,2
48,2
175,1
3740,2
2876,1
2259,1
1989,2
5124,1
1458,1
6529,1
5531,1
5000,2
841,1
3373,3
6804,1
7504,2
4646,3
5806,1
696,1
5189,1
1523,1
7890,1
95,1
2993,5
6153,2
107,2
3799,2
4624,1
3712,6
6366,5
3293,3
5047,1
5920,8
3058,1
2145,2
2605,1
5059,2
5726,1
7060,3
6974,2
4482,1
2867,1
6369,1
5704,3
894,1
4967,1
7816,1
6127,3
21,1
5840,8
5214,2
7668,1
6224,1
7424,4
3561,6
4291,4
6823,2
703,1
4513,2
172,2
6906,1
6317,3
2984,1
7477,1
2383,1
558,1
5084,1
1369,1
2815,2
138,1
2926,3
5442,5
2395,2
3617,1
6087,2
4125,6
3049,1
6900,3
5914,1
5510,1
6743,2
4322,1
623,1
7665,3
832,4
1474,2
2500,1
2944,2
231,2
3389,6
4748,1
5448,2
5908,3
58,1
2352,8
4131,1
7823,1
5587,2
4356,12
2713,1
7264,4
5501,3
6542,9
5430,1
5217,1
5010,1
1311,1
1629,6
4097,2
123,1
4012,1
1743,2
6925,3
7514,1
7110,1
6897,1
6096,1
1002,1
3003,2
3250,1
7323,1
5754,1
3278,4
5350,1
4930,1
240,1
811,1
3932,1
7178,1
3512,1
2084,1
6610,1
2491,1
5612,1
4464,2
4504,3
3238,5
